"_time","D8:84:66:0D:1B:E4","D8:84:66:30:F2:EC","D8:84:66:30:F7:A2","D8:84:66:30:F7:C0","D8:84:66:30:F8:64","D8:84:66:30:F8:A4","D8:84:66:30:F9:DA","D8:84:66:31:7F:24","D8:84:66:31:7F:36","D8:84:66:31:7F:42","D8:84:66:31:7F:7E","D8:84:66:31:7F:BC","D8:84:66:31:7F:D4","D8:84:66:31:80:02","D8:84:66:31:80:1E","D8:84:66:31:80:78","D8:84:66:31:80:7C","D8:84:66:31:80:86","D8:84:66:31:80:D2","D8:84:66:31:80:E4","D8:84:66:31:80:EC","D8:84:66:31:80:EE","D8:84:66:31:80:F2","D8:84:66:31:81:42","D8:84:66:31:81:6C","D8:84:66:31:81:74","D8:84:66:31:81:A4","D8:84:66:31:82:26","D8:84:66:31:82:28","D8:84:66:31:82:32","D8:84:66:31:82:3E","D8:84:66:31:82:40","D8:84:66:31:82:66","D8:84:66:31:82:B6","D8:84:66:31:83:12","D8:84:66:31:83:14","D8:84:66:31:83:DA","D8:84:66:31:85:A0","D8:84:66:31:D4:0E","D8:84:66:31:D4:10","D8:84:66:31:D4:12","D8:84:66:31:D4:18","D8:84:66:31:D4:36","D8:84:66:31:D4:42","D8:84:66:31:D4:4C","D8:84:66:31:D4:52","D8:84:66:31:D4:76","D8:84:66:31:D4:82","D8:84:66:31:D4:B2","D8:84:66:31:D4:E2","D8:84:66:31:D5:0C","D8:84:66:31:D5:20","D8:84:66:31:D5:26","D8:84:66:31:D5:34","D8:84:66:31:D5:48","D8:84:66:31:D5:C4","D8:84:66:31:D5:DA","D8:84:66:31:D6:66","D8:84:66:31:D6:6A","D8:84:66:31:D6:C8","D8:84:66:31:D6:D2","D8:84:66:31:D6:E6"
"2020-01-15T00:00:00.000+0000",0,165,0,0,0,0,452,166,0,38,94,0,178,125,560,6,0,387,430,58,135,152,49,154,629,0,246,944,266,281,0,58,118,552,218,374,192,551,0,0,111,0,0,792,333,0,0,301,140,0,0,0,56,106,0,0,506,285,0,0,0,109
"2020-01-15T01:00:00.000+0000",0,352,0,0,0,0,667,269,0,110,193,0,177,158,1022,24,0,439,775,71,158,229,80,208,774,0,328,1258,369,332,0,48,126,954,271,601,339,724,0,0,229,0,0,1237,657,0,0,410,290,0,0,0,139,146,0,0,803,493,0,0,0,111
"2020-01-15T02:00:00.000+0000",0,173,0,0,0,0,280,155,0,39,125,0,138,98,579,8,0,261,440,74,133,110,50,138,456,0,231,843,160,118,0,25,50,415,149,337,109,332,0,0,172,0,0,671,256,0,0,244,114,0,0,0,93,77,0,0,463,260,0,0,0,89
"2020-01-15T03:00:00.000+0000",0,309,0,0,0,0,479,198,0,81,137,0,162,123,795,19,0,225,617,48,148,170,92,134,564,0,288,1153,295,0,0,17,23,544,274,420,162,436,0,0,157,0,0,1092,512,0,0,356,207,0,0,0,129,65,0,0,563,413,0,0,0,73
"2020-01-15T04:00:00.000+0000",0,232,0,0,0,0,489,141,0,63,136,0,118,113,633,20,0,212,515,37,133,124,40,130,439,0,220,912,218,0,0,28,24,536,193,373,97,377,0,0,163,0,0,1008,359,0,0,277,160,0,0,0,82,56,0,0,442,292,0,0,0,116
"2020-01-15T05:00:00.000+0000",0,351,0,0,0,0,535,195,0,69,169,0,214,157,963,22,0,340,693,50,212,212,70,155,871,0,379,1444,417,0,0,31,87,751,324,509,139,561,0,0,211,0,0,1267,552,0,0,330,240,0,0,0,120,83,0,0,603,414,0,119,0,120
"2020-01-15T06:00:00.000+0000",0,244,0,0,0,0,886,178,0,91,126,0,415,128,1390,5,0,808,572,51,257,136,40,123,1674,0,177,1095,339,0,0,37,125,913,221,396,172,1283,0,0,275,0,0,1022,457,0,0,299,270,0,0,0,81,126,0,0,463,455,0,91,0,201
"2020-01-15T07:00:00.000+0000",0,452,0,0,0,0,1351,356,0,178,247,0,602,245,2211,166,0,1638,1312,217,514,402,17,353,2799,0,599,1774,704,300,0,69,233,1804,586,644,0,2332,0,0,674,0,0,1983,1257,0,0,787,712,0,0,0,281,235,0,0,841,959,0,145,0,560
"2020-01-15T08:00:00.000+0000",0,638,0,0,0,0,1747,786,0,159,232,0,922,329,1932,284,0,1862,2038,346,1056,515,35,578,3654,0,538,1690,706,1025,0,248,497,1900,972,685,88,3003,0,0,1123,0,0,1711,1792,0,0,809,1213,0,0,0,577,392,0,0,804,1756,0,393,0,1751
"2020-01-15T09:00:00.000+0000",0,1081,0,0,0,0,1934,1618,0,482,462,0,1038,865,2296,518,0,1758,2177,559,1063,896,219,1222,3869,0,1455,1989,1377,190,0,566,665,1967,1906,1126,41,2587,0,0,1748,0,0,1637,2478,0,0,1367,2301,0,0,0,553,792,0,0,1446,3052,0,8,0,3318
"2020-01-15T10:00:00.000+0000",0,1116,0,2,0,0,1521,1951,0,355,608,0,1115,850,2316,165,0,1728,1964,590,815,1136,223,1041,3239,0,1368,1917,1381,1529,0,701,746,2032,2666,1548,42,2268,0,0,1615,0,0,1926,2243,0,0,1289,1644,0,0,0,493,968,0,0,989,3162,0,214,0,3273
"2020-01-15T11:00:00.000+0000",0,1868,0,0,0,0,1891,2651,0,608,733,0,1415,1428,2739,437,0,1784,2529,681,1226,1579,278,1192,4714,0,1815,2024,2071,1953,0,507,1092,2622,3627,2092,25,2329,0,0,2082,0,0,1949,2712,0,0,1408,2120,0,0,0,740,1109,0,0,1874,3797,0,354,0,4559
"2020-01-15T12:00:00.000+0000",0,1593,0,0,0,0,1834,2873,0,412,863,0,1335,1479,2579,269,0,2050,2641,825,966,1475,275,1542,4690,0,1927,2003,1927,1602,0,1069,899,2509,3863,2190,66,1895,0,0,2399,0,1,1656,2481,0,0,1451,2324,0,0,0,662,1308,0,0,1322,4065,0,400,0,4136
"2020-01-15T13:00:00.000+0000",0,1876,0,0,0,0,2079,3385,0,686,1014,0,1642,1644,3999,345,0,2938,2777,1088,1341,1702,269,1986,5914,0,2162,2698,2243,2169,0,786,1070,3061,3865,2546,72,2409,0,0,2839,0,0,1903,2923,0,0,1926,2604,0,0,0,904,1374,0,0,1748,4759,0,471,0,5173
"2020-01-15T14:00:00.000+0000",0,1527,0,0,0,0,1726,2752,0,531,731,0,1434,1444,3956,266,0,2983,2282,942,1040,1223,223,1642,7154,0,1833,2837,2481,1877,0,544,476,3344,3885,2755,256,2637,0,0,2311,0,0,1692,2808,0,0,1681,1937,0,0,0,885,1220,0,0,1478,4025,0,433,0,4600
"2020-01-15T15:00:00.000+0000",0,1391,0,0,0,0,1490,2338,0,327,560,0,1460,1145,2636,277,0,2542,2059,637,936,965,101,1233,5491,0,1305,2222,1692,1603,0,627,481,2743,2947,2025,151,2291,0,0,1686,0,0,1476,2159,0,0,1268,1706,0,0,0,489,1155,0,0,1113,2863,0,375,0,2910
"2020-01-15T16:00:00.000+0000",0,1399,0,0,0,0,1699,2438,0,375,552,0,1526,1096,2569,273,0,2166,1881,547,930,958,97,1277,5820,0,1023,2241,1513,1255,0,518,540,2917,2825,2048,104,2614,0,0,1385,0,0,1346,2217,0,0,1449,1489,0,0,0,655,1089,0,0,1053,2812,0,258,0,2742
"2020-01-15T17:00:00.000+0000",0,1048,0,0,0,0,1890,1747,0,333,479,0,1463,808,2951,550,0,2669,2144,500,1126,800,217,1313,5634,0,1003,2456,1136,1975,0,350,432,3274,2438,1664,71,2882,0,0,1565,0,0,1925,2397,0,0,1484,1423,0,0,0,615,800,0,0,1059,2951,0,301,0,1770
"2020-01-15T18:00:00.000+0000",0,691,0,0,0,0,1451,1049,0,184,322,0,825,591,2385,299,0,2065,1520,217,505,444,134,597,4537,0,591,1838,652,1260,0,165,330,2623,852,981,10,2181,0,0,919,0,0,1430,1101,0,0,788,610,0,0,0,262,517,0,0,714,1486,0,172,0,577
"2020-01-15T19:00:00.000+0000",0,473,0,0,0,0,1292,612,0,191,193,0,689,628,2267,236,0,1388,1099,135,472,376,200,307,2512,0,570,1573,543,1212,0,164,230,2110,518,821,48,1862,0,0,848,0,0,1504,957,0,0,843,519,0,0,0,225,455,0,0,1006,1432,0,181,0,492
"2020-01-15T20:00:00.000+0000",0,354,0,0,0,0,953,559,0,107,177,0,539,485,1531,42,0,1054,960,153,261,299,70,264,2770,0,432,1472,331,653,0,113,255,1821,376,679,1,1403,0,0,551,0,0,776,687,0,0,642,367,0,0,0,197,374,0,0,716,1023,0,118,0,355
"2020-01-15T21:00:00.000+0000",0,450,0,0,0,0,824,498,0,192,201,0,383,441,1482,413,0,927,1026,75,337,319,71,284,2196,0,491,1658,620,711,0,86,124,1639,438,778,9,1306,0,0,508,0,0,876,797,0,0,594,506,0,0,0,234,264,0,0,901,958,0,197,0,177
"2020-01-15T22:00:00.000+0000",0,259,0,0,0,0,736,372,0,133,176,0,422,216,1239,637,0,924,830,82,253,205,40,242,1900,0,365,1490,286,657,0,42,157,1479,331,606,0,1164,0,0,430,0,0,863,640,0,0,511,392,0,0,0,121,267,0,0,759,710,0,192,0,99
"2020-01-15T23:00:00.000+0000",0,261,0,0,0,0,748,274,1,96,188,0,325,198,783,315,0,573,621,74,204,162,63,339,1586,0,270,1409,268,368,0,58,129,1034,205,629,10,977,0,0,262,0,0,793,495,0,0,494,335,0,0,0,77,192,0,0,724,570,0,148,0,136
"2020-01-16T00:00:00.000+0000",0,376,0,0,0,0,925,379,0,135,212,0,207,174,873,189,0,607,781,77,236,190,57,244,1455,0,530,1607,481,148,0,50,135,813,338,738,0,896,0,0,309,0,0,1049,756,0,0,523,324,0,0,0,113,167,0,0,953,361,0,61,0,141
"2020-01-16T01:00:00.000+0000",0,339,0,0,0,0,656,346,0,120,183,0,186,108,679,82,0,315,749,68,167,199,94,273,884,0,386,1317,450,0,0,70,89,701,395,677,41,589,0,0,251,0,0,1029,613,0,0,368,312,0,0,0,145,142,0,0,809,627,0,0,0,125
"2020-01-16T02:00:00.000+0000",0,229,0,0,0,0,535,219,0,68,128,0,152,99,548,51,0,266,392,39,105,134,33,198,589,0,185,1005,451,0,0,44,88,479,298,464,105,499,0,0,138,0,0,632,345,0,0,386,185,0,0,0,59,73,0,0,563,595,0,0,0,89
"2020-01-16T03:00:00.000+0000",0,201,0,0,0,0,579,298,0,65,193,0,148,162,803,99,0,202,373,49,114,131,78,179,623,0,252,1026,381,238,0,29,75,379,273,449,132,495,0,0,139,0,0,737,411,0,0,336,246,0,0,0,89,92,0,0,694,464,0,0,0,100
"2020-01-16T04:00:00.000+0000",0,182,0,0,0,0,543,228,0,87,154,0,105,137,648,83,0,193,417,84,102,124,58,162,562,0,200,914,260,217,0,6,88,361,255,347,115,469,0,0,149,0,0,828,378,0,0,264,242,0,0,0,86,133,0,0,566,385,0,0,0,92
"2020-01-16T05:00:00.000+0000",0,276,0,0,0,0,649,276,0,149,200,0,226,152,914,163,0,365,518,37,109,213,68,226,1035,0,214,1451,416,329,0,23,105,588,288,434,145,823,0,0,236,0,0,1042,544,0,0,384,382,0,0,0,111,112,0,0,668,530,0,0,0,154
"2020-01-16T06:00:00.000+0000",0,324,0,0,0,0,904,348,0,124,217,0,490,149,1604,451,0,898,629,75,235,265,56,248,2268,0,310,1860,451,548,0,34,163,1048,413,551,211,1309,0,0,371,0,0,1230,735,0,0,540,491,0,0,0,160,155,0,0,692,726,0,0,0,173
"2020-01-16T07:00:00.000+0000",0,438,0,0,0,0,1307,414,0,227,187,0,674,306,2256,1095,0,1513,1138,208,539,371,136,332,3353,0,391,2196,492,897,0,101,234,1724,568,668,520,2372,0,0,582,0,0,1523,1141,0,0,733,794,0,0,0,273,252,0,0,888,1235,172,0,0,367
"2020-01-16T08:00:00.000+0000",0,620,0,0,0,0,1686,930,0,137,310,0,1114,407,1695,1312,0,1701,1851,544,942,466,189,626,3788,0,687,1908,817,1125,0,254,422,2025,1152,742,719,2688,0,0,1248,0,0,1803,1862,0,0,992,1504,0,0,0,552,338,0,0,956,1838,375,151,0,1687
"2020-01-16T09:00:00.000+0000",0,1081,0,0,0,0,1712,1849,0,328,458,0,1109,802,2329,1192,0,1948,1879,456,913,786,135,1058,4064,0,1378,1778,1430,1230,0,444,859,2320,2225,1223,1109,2347,0,0,1584,0,0,1632,2387,0,0,1331,1613,0,0,0,676,690,0,0,1404,2692,517,417,0,3306
"2020-01-16T10:00:00.000+0000",0,1446,0,0,0,0,1445,1909,0,403,562,0,1018,892,2556,1207,0,2050,1851,643,762,919,281,1175,4063,5,1432,2114,1496,1479,0,540,626,2372,2791,1649,1032,2284,0,0,1504,0,0,1588,2499,0,0,1173,1677,0,0,0,638,881,0,0,1267,3319,519,351,0,3385
"2020-01-16T11:00:00.000+0000",0,1832,0,0,0,0,1539,2613,0,661,769,0,1241,1337,2744,1782,0,1951,2106,711,959,1166,264,1304,4048,0,1611,2181,1789,1686,0,549,550,2366,3478,1910,1075,2115,0,0,1493,0,0,1427,2705,0,0,1060,1844,0,0,0,743,1147,0,0,1545,3607,642,475,0,4089
"2020-01-16T12:00:00.000+0000",0,1771,0,0,0,0,1489,2824,0,460,755,0,1329,1441,2441,1516,0,2322,2523,952,956,1211,172,1197,4997,2,1516,2025,2036,1585,0,785,519,2483,3808,2203,1088,2149,0,0,2123,0,0,1593,2139,0,0,1231,2080,0,0,0,880,1408,0,0,1457,3855,630,420,0,3568
"2020-01-16T13:00:00.000+0000",0,1660,0,0,0,0,1563,2698,0,428,722,0,1416,1443,2759,1489,0,2187,2210,1002,1031,1439,193,1361,4891,0,1651,2141,1897,1588,0,596,541,2298,3485,2413,1048,2075,0,0,2317,0,0,1434,2663,0,0,1269,1801,0,0,0,830,1251,0,0,1306,4385,669,339,0,3562
"2020-01-16T14:00:00.000+0000",0,1363,0,0,0,0,1409,2274,0,395,575,0,1275,1013,2865,1488,0,2110,1932,642,941,958,165,1306,4962,0,1491,2197,1695,1703,0,492,825,2685,2820,2095,954,2265,0,0,1672,0,0,1586,2607,0,0,1100,1516,0,0,0,850,889,0,0,1515,3434,633,397,0,3344
"2020-01-16T15:00:00.000+0000",0,1229,0,0,0,0,1446,2171,0,424,527,0,1285,777,3270,1377,0,2400,1676,533,964,964,118,1056,4838,0,1521,2428,1553,1748,0,493,686,2911,2440,1978,1288,2648,0,0,1852,0,0,1696,2446,0,0,1212,1595,0,0,0,735,678,0,0,1487,3027,478,339,0,3509
"2020-01-16T16:00:00.000+0000",0,1379,0,0,0,0,1788,2230,0,525,594,0,1384,1064,3109,1376,0,2495,2154,496,1247,923,192,1194,5757,0,1405,2366,1598,2063,0,463,661,2725,2578,2121,1175,3625,0,0,1723,0,0,2081,2769,0,0,1401,1742,0,0,0,728,844,0,0,1643,2792,612,430,0,3632
"2020-01-16T17:00:00.000+0000",0,853,0,0,0,0,1608,1369,0,269,428,0,1270,798,2749,1185,0,2360,1767,705,862,612,167,1012,4853,0,837,1988,849,1480,0,406,482,2598,1780,1472,1207,3187,0,0,1357,786,0,1853,1738,0,0,1189,1229,0,0,0,561,684,0,0,949,1899,464,235,0,1250
"2020-01-16T18:00:00.000+0000",0,690,0,0,0,0,1312,1029,0,338,292,0,996,630,2910,913,0,1990,1512,376,691,500,164,543,3287,0,738,2186,990,981,0,313,316,2438,749,1183,1084,2660,0,0,1095,2198,0,1426,1220,0,0,726,877,0,0,0,389,651,0,0,1263,1591,443,273,0,843
"2020-01-16T19:00:00.000+0000",0,327,0,0,0,0,1047,790,0,201,169,0,733,648,2051,642,0,1468,1410,232,446,345,87,313,2660,0,594,1439,317,978,0,164,273,1927,493,750,697,1836,0,0,782,1490,0,1063,673,0,0,558,441,0,0,0,204,517,0,0,897,1201,217,211,0,378
"2020-01-16T20:00:00.000+0000",0,320,0,0,0,0,860,583,0,166,150,0,490,448,1950,602,0,1152,1015,228,353,273,35,280,2508,0,439,1327,290,748,0,175,195,1774,337,719,343,1374,0,0,589,1182,0,1104,609,0,0,499,434,0,0,0,193,342,0,0,736,812,182,185,0,311
"2020-01-16T21:00:00.000+0000",0,354,0,0,0,0,753,536,0,221,181,0,523,392,1817,511,0,981,1101,264,405,290,57,293,2204,0,414,1316,426,711,0,89,179,1672,295,813,383,1509,0,0,528,1164,0,1055,692,0,0,549,491,0,0,0,112,417,0,0,984,858,259,285,0,178
"2020-01-16T22:00:00.000+0000",0,268,0,0,0,0,709,458,0,158,101,0,502,292,1808,488,0,882,707,292,307,200,50,276,1991,0,552,1422,290,700,0,41,110,1340,340,733,333,1190,0,0,368,1259,0,1296,607,0,0,497,375,0,0,0,127,295,0,0,914,870,212,285,0,217
"2020-01-16T23:00:00.000+0000",0,270,0,0,0,0,731,431,0,179,131,0,455,217,1078,345,0,633,699,259,268,265,52,282,1505,0,422,1325,408,579,0,35,107,1114,350,809,243,1000,0,0,454,1156,0,1606,609,0,0,509,374,0,0,0,120,240,0,0,904,968,163,249,0,179
"2020-01-17T00:00:00.000+0000",0,155,0,0,0,0,486,278,0,94,119,0,196,134,659,143,0,312,380,172,183,117,50,189,787,0,449,857,273,284,0,38,84,646,224,491,168,624,0,0,313,557,0,923,395,0,0,303,168,0,0,0,90,165,0,0,558,845,117,132,0,91
"2020-01-17T01:00:00.000+0000",0,255,0,0,0,0,592,325,0,149,121,0,196,131,794,0,0,290,395,210,197,263,60,179,900,0,412,1120,351,259,0,83,90,756,272,649,235,760,0,0,394,0,0,1403,614,0,0,481,258,0,0,0,157,167,0,0,746,862,157,241,0,167
"2020-01-17T02:00:00.000+0000",0,191,0,0,0,0,506,276,0,112,129,0,203,106,546,0,0,261,373,205,154,155,38,186,647,0,190,939,422,219,0,26,93,576,226,471,180,438,0,0,225,0,0,1103,390,0,0,454,175,0,0,0,82,129,0,0,593,633,134,165,0,74
"2020-01-17T03:00:00.000+0000",0,247,0,0,0,0,511,248,0,132,116,0,172,136,707,0,0,223,340,176,163,200,56,209,596,0,151,998,485,212,0,27,107,586,243,475,168,556,0,0,261,0,0,1096,465,0,0,351,206,0,0,0,115,159,0,0,607,719,61,100,0,101
"2020-01-17T04:00:00.000+0000",0,181,0,0,0,0,533,256,0,82,115,0,110,110,624,0,0,157,348,173,162,140,45,138,478,0,165,730,182,205,0,22,113,501,198,451,172,421,0,0,190,0,0,1167,378,0,0,330,204,0,0,0,68,111,0,0,596,616,113,137,0,102
"2020-01-17T05:00:00.000+0000",0,264,0,0,0,0,724,295,0,115,170,0,208,111,1007,0,0,352,369,304,210,209,71,243,938,0,207,1433,283,377,0,12,112,715,315,564,165,842,0,0,251,0,0,1547,536,0,0,452,227,0,0,0,132,125,0,0,778,570,173,170,0,141
"2020-01-17T06:00:00.000+0000",0,386,0,0,0,0,1109,542,0,181,174,0,641,193,1903,0,0,830,685,254,420,303,125,300,1995,0,319,1785,544,620,0,23,225,1274,373,664,436,1633,0,0,385,0,0,1684,927,0,0,603,441,0,0,0,164,223,0,0,949,796,229,191,0,171
"2020-01-17T07:00:00.000+0000",0,301,0,0,0,0,1157,384,0,87,135,0,756,273,2074,0,0,1372,790,383,496,202,85,309,3392,0,336,1390,393,811,0,62,263,1544,402,474,577,2002,0,0,469,0,0,1584,920,0,0,606,569,0,0,0,231,283,0,0,660,1003,209,211,0,415
"2020-01-17T08:00:00.000+0000",0,615,0,0,0,0,1545,825,0,367,243,0,1110,381,2379,0,0,1854,1470,673,979,420,144,596,3449,1,675,1794,795,762,0,187,350,2283,1125,835,865,2767,0,0,1254,0,0,1831,1840,0,0,872,1236,0,0,0,618,334,0,0,981,1998,344,430,0,1633
"2020-01-17T09:00:00.000+0000",0,1051,0,0,0,0,1470,1550,0,309,358,0,1142,692,2071,0,0,1695,1605,825,904,671,130,1058,3558,0,1157,1675,1286,0,0,480,445,1969,2290,1122,1003,2245,0,0,1413,0,0,1596,2087,0,0,1276,1398,0,0,0,509,627,0,0,1129,2644,405,414,0,2521
"2020-01-17T10:00:00.000+0000",0,1544,0,0,0,0,1595,2152,0,357,650,0,1399,1031,2265,0,0,1803,1667,824,811,869,200,1149,4241,0,1279,1885,1832,0,0,637,578,2067,2923,1845,917,1977,0,0,1478,0,0,1535,2202,0,0,1242,1601,0,0,0,659,854,0,0,1387,3062,474,419,0,3032
"2020-01-17T11:00:00.000+0000",0,1716,0,0,0,0,1411,2356,0,477,731,0,1643,1081,2225,0,0,2265,1870,963,917,1074,153,1403,4353,0,1388,1887,2091,0,0,573,597,2864,3431,2197,1206,2068,0,0,1299,0,0,1321,2373,0,0,1198,1412,0,0,0,640,913,0,0,1258,3263,628,430,0,3293
"2020-01-17T12:00:00.000+0000",0,1814,0,0,0,0,1664,3131,0,574,844,0,1550,1285,2431,0,0,2304,2663,1042,1259,1470,217,1858,5079,0,1978,2407,2106,0,0,928,721,2852,3556,2528,1612,2515,0,0,2098,0,0,1656,2445,0,0,1333,1877,0,0,0,786,1400,0,0,1646,3988,704,413,0,3886
"2020-01-17T13:00:00.000+0000",0,1771,0,0,0,0,1471,3124,0,575,843,0,1591,1351,2318,0,0,2120,2543,807,923,1360,187,2555,4956,0,1965,2271,2196,0,0,707,790,2908,3965,2722,1143,2191,0,0,2096,0,0,1594,2279,0,0,1308,1629,0,0,0,718,1334,0,0,1403,3460,753,374,0,3691
"2020-01-17T14:00:00.000+0000",0,1830,0,0,0,0,1671,3102,0,596,975,0,1584,1478,2523,0,0,2636,2768,838,1152,1148,347,2025,6162,0,1737,2903,2432,1012,0,748,759,3380,4337,2660,1197,2558,0,0,2018,0,0,1685,2502,0,0,1381,1792,0,0,0,823,1194,0,0,1723,3989,725,473,0,4010
"2020-01-17T15:00:00.000+0000",0,1808,0,0,0,0,2201,2948,0,612,665,0,1590,1367,2532,0,0,2515,2412,751,1206,1281,465,1594,6525,0,1870,2781,2363,2231,0,848,879,3686,3612,2706,1286,2949,0,0,2207,0,0,1832,2750,0,0,1574,1808,0,0,0,735,1251,0,0,2120,3785,698,555,0,4324
"2020-01-17T16:00:00.000+0000",0,1476,0,0,0,0,1588,2451,0,373,499,0,1423,1305,2421,0,0,2621,2328,582,1083,1114,227,1467,5074,1,1403,2504,1584,1931,0,753,492,3344,3090,2164,1207,3349,0,0,1820,0,0,1645,1962,0,0,1318,1668,0,0,0,659,922,0,0,1354,3035,603,446,0,2291
"2020-01-17T17:00:00.000+0000",0,1538,0,0,0,0,1927,2064,0,391,559,0,1760,1171,2558,0,0,2360,2406,620,1058,1016,320,1474,4970,1,1348,2856,1416,2415,0,393,754,3766,2439,2112,1388,3562,0,0,2162,0,0,1693,1956,0,0,1455,1210,0,0,0,516,1020,0,0,1389,3318,608,421,0,1587
"2020-01-17T18:00:00.000+0000",0,623,0,0,0,0,1268,1008,0,260,368,0,734,835,2328,898,0,1620,1617,319,599,583,41,586,3828,0,843,2116,930,765,0,201,198,2709,768,1000,339,2129,0,0,1031,755,0,1988,1525,0,0,731,725,0,0,0,198,569,0,0,924,938,498,258,318,546
"2020-01-17T19:00:00.000+0000",0,540,0,0,0,0,1557,1017,0,283,302,0,721,808,2038,850,0,1482,1503,251,732,548,69,483,3789,0,814,2345,688,1130,0,152,245,2512,568,1127,474,2015,0,0,1314,0,0,2027,1275,0,0,815,813,0,0,0,425,588,0,0,1278,1615,393,280,9,373
"2020-01-17T20:00:00.000+0000",0,540,0,0,0,0,1106,957,0,280,306,0,808,869,1827,848,0,1358,1650,318,632,545,73,493,3864,0,762,2460,718,875,0,326,249,2850,658,1096,652,2114,0,0,889,0,0,1735,1229,0,0,750,762,0,0,0,203,711,0,0,1486,1568,476,129,21,286
"2020-01-17T21:00:00.000+0000",0,322,0,0,0,0,966,627,0,202,231,0,586,639,1307,655,0,1366,1393,166,514,292,67,347,2914,0,514,1714,480,735,0,218,194,1786,449,668,496,1770,0,0,707,0,0,1086,835,0,0,515,599,0,0,0,275,466,0,0,799,1115,187,0,8,195
"2020-01-17T22:00:00.000+0000",0,280,0,0,0,0,782,588,0,252,258,0,544,535,1237,512,0,1140,1124,165,437,343,31,421,2429,0,587,1630,333,631,0,160,192,1832,460,685,453,1546,0,0,776,0,0,1086,758,0,0,513,549,0,0,0,187,453,0,0,764,1092,112,0,12,258
"2020-01-17T23:00:00.000+0000",0,212,0,0,0,0,686,535,0,214,208,0,537,430,900,426,0,774,962,117,340,272,33,271,1832,0,678,1434,363,426,0,157,107,1518,433,572,318,1362,0,0,817,0,0,1107,523,0,0,488,477,0,0,0,84,282,0,0,798,1289,0,0,10,181
"2020-01-18T00:00:00.000+0000",0,227,0,0,0,0,654,456,0,157,297,0,507,308,957,247,0,698,892,156,346,301,44,291,1660,0,841,1394,425,425,0,86,109,1384,433,648,284,988,0,0,766,0,0,1153,643,0,0,480,365,0,0,0,94,230,0,0,826,1230,0,0,14,165
"2020-01-18T01:00:00.000+0000",0,243,0,0,0,0,572,440,0,153,223,0,543,223,721,298,0,598,788,110,380,347,38,276,1364,0,718,1461,312,379,0,46,213,1356,346,602,328,725,0,0,656,0,0,1271,754,0,0,459,311,0,0,0,96,215,0,0,838,1455,0,0,15,147
"2020-01-18T02:00:00.000+0000",0,166,0,0,0,0,515,302,0,77,177,0,448,160,705,225,0,395,498,185,245,196,70,173,1053,0,637,1487,264,262,0,24,137,789,328,506,275,462,0,0,505,0,0,1093,571,0,0,341,209,0,0,0,46,131,0,0,642,1276,0,0,9,118
"2020-01-18T03:00:00.000+0000",0,332,0,0,0,0,534,476,0,110,196,0,477,196,972,195,0,484,682,138,343,302,54,237,1352,0,566,1501,735,350,0,62,147,1279,479,819,315,515,0,0,448,0,0,1550,720,0,0,485,310,0,0,0,101,189,0,0,947,1083,0,0,20,115
"2020-01-18T04:00:00.000+0000",0,180,0,0,0,0,512,322,0,51,162,0,290,179,565,149,0,291,526,133,188,189,63,219,900,0,316,1171,234,321,0,40,137,752,291,504,147,399,0,0,187,0,0,1120,434,0,0,339,214,0,0,0,71,124,0,0,530,588,0,0,10,98
"2020-01-18T05:00:00.000+0000",0,528,0,0,0,0,953,600,0,171,287,0,434,203,1498,308,0,536,1100,156,505,453,131,495,1832,0,450,2655,685,670,0,96,218,1573,654,1139,446,965,0,0,313,0,0,2297,1125,0,0,772,471,0,0,0,182,265,0,0,1356,1166,0,0,32,162
"2020-01-18T06:00:00.000+0000",0,161,0,0,0,0,537,275,0,93,146,0,287,121,863,261,0,598,518,187,156,170,73,202,1649,0,254,1533,262,364,0,46,99,769,278,418,266,821,0,0,151,0,0,999,364,0,0,360,170,0,0,0,80,141,0,0,489,464,0,0,8,157
"2020-01-18T07:00:00.000+0000",0,291,0,0,0,0,656,446,0,81,194,0,362,183,1400,341,0,752,771,145,299,247,131,290,2114,0,349,2013,446,500,0,51,226,1245,429,601,334,1122,0,0,254,0,0,2162,617,0,0,516,257,0,0,0,144,228,0,0,786,572,0,0,13,198
"2020-01-18T08:00:00.000+0000",0,427,0,0,0,0,782,491,0,84,228,0,569,244,1599,522,0,844,679,139,405,221,76,223,2384,0,383,1681,593,517,0,104,213,1137,741,509,371,1524,0,0,430,0,0,1578,625,0,0,535,370,0,0,0,167,227,0,0,615,814,0,0,11,236
"2020-01-18T09:00:00.000+0000",0,906,0,0,0,0,1153,917,0,167,378,0,903,465,1699,612,0,1349,810,167,431,420,147,157,3031,0,548,2042,1226,746,0,343,297,1821,2081,1024,575,1878,0,0,729,0,0,1370,971,0,0,941,467,0,0,0,223,354,0,0,1031,1400,0,0,8,639
"2020-01-18T10:00:00.000+0000",0,1327,0,0,0,0,1180,1848,0,291,401,0,1084,907,1651,796,0,1583,1149,307,448,762,194,287,3979,0,1003,1944,1566,968,0,590,413,2077,3290,1534,692,1915,0,0,828,0,0,1180,1054,0,0,975,617,0,0,0,244,718,0,0,1023,1982,0,0,8,1312
"2020-01-18T11:00:00.000+0000",0,1737,0,0,0,0,1293,2754,0,472,798,0,1511,1661,2666,1199,0,2111,1556,324,643,1270,256,571,4911,0,1174,1984,2613,1563,0,725,271,2435,4977,2494,941,2537,0,0,1476,0,0,1605,1496,0,0,1231,791,0,0,0,444,984,0,0,1593,2585,0,0,11,1890
"2020-01-18T12:00:00.000+0000",0,2043,0,0,0,0,1258,3214,0,404,911,0,1548,1987,2930,1425,0,1735,1926,434,548,1428,251,547,4733,0,1348,2155,2319,1831,0,748,461,2646,4997,2828,842,2332,0,0,1539,0,0,1389,1368,0,0,1154,970,0,0,0,439,1558,0,0,1499,2663,0,0,10,2422
"2020-01-18T13:00:00.000+0000",0,2320,0,0,0,0,1348,3928,0,454,1127,0,2164,2211,3050,1574,0,1941,1772,443,569,1399,219,644,5799,0,1572,2247,2721,2014,0,844,336,2988,5802,3096,1108,2478,0,0,1747,0,0,1464,1511,0,0,1238,1062,0,0,0,395,1618,0,0,1652,2633,0,0,13,2470
"2020-01-18T14:00:00.000+0000",0,2570,0,0,0,0,1554,3913,0,493,1145,0,1947,2185,3405,1578,0,2607,1834,603,650,1548,145,854,5940,0,1542,2119,3015,2521,0,813,339,2857,5186,3575,979,2369,0,0,1614,0,0,1625,1430,0,0,1461,889,0,0,8,362,1743,0,0,1721,3527,0,0,14,2678
"2020-01-18T15:00:00.000+0000",0,2295,0,0,0,0,1384,3591,0,601,880,0,1884,1970,3145,1749,0,2233,1947,573,656,1371,148,794,5891,0,1474,2469,2590,2139,0,684,496,3296,5824,3274,1141,2592,0,4,1811,0,0,1448,1604,0,0,1246,1078,0,0,0,540,1908,0,0,1573,3130,0,0,9,2234
"2020-01-18T16:00:00.000+0000",0,2089,0,0,0,0,1701,3314,0,474,927,0,1828,1409,3330,1496,0,2283,2020,473,560,1187,252,536,5568,0,1495,2390,2388,2023,0,450,361,3130,4309,2620,1030,2530,0,0,1435,0,0,1685,1533,0,0,1134,917,0,0,0,433,1551,0,0,1299,2731,0,0,20,1629
"2020-01-18T17:00:00.000+0000",0,1346,0,0,0,0,1274,2261,0,366,564,0,1532,1011,3390,1299,0,2022,1903,335,634,875,195,493,3679,0,967,2341,1461,1895,0,365,315,3398,2755,2369,996,2187,0,0,1247,0,0,1367,1419,0,0,1034,789,0,0,0,320,755,0,0,1063,2239,0,0,12,1143
"2020-01-18T18:00:00.000+0000",0,907,0,0,0,0,1303,1817,0,381,425,0,1184,866,3601,1266,0,1951,1814,286,670,595,234,486,3359,0,891,2578,998,1742,0,222,320,3271,1074,1506,892,2436,0,0,1135,0,0,1407,1206,0,0,923,778,0,0,0,522,812,0,0,1170,2007,0,0,14,749
"2020-01-18T19:00:00.000+0000",0,465,0,0,0,0,1130,1213,0,261,228,0,770,1031,2554,941,0,1574,1456,189,496,422,107,525,2343,0,616,2192,561,1269,0,176,265,2306,564,960,521,1894,0,0,757,0,0,1167,877,0,0,693,625,0,0,0,248,863,0,0,967,1366,0,0,10,583
"2020-01-18T20:00:00.000+0000",0,578,0,0,0,0,1038,1081,0,428,255,0,825,1006,2177,806,0,1404,1534,165,454,327,91,421,3202,0,519,1884,628,1187,0,209,203,2401,489,1091,631,1712,0,0,674,0,0,1149,916,0,0,664,706,0,0,0,202,719,0,0,1121,1144,0,0,14,406
"2020-01-18T21:00:00.000+0000",0,382,0,0,0,0,882,925,0,456,202,0,587,780,1828,594,0,1325,1431,226,342,307,85,246,2416,0,553,1636,472,993,0,193,155,1727,448,730,481,1488,0,0,687,0,0,1069,654,0,0,512,590,0,0,0,156,506,0,0,816,1030,0,0,8,304
"2020-01-18T22:00:00.000+0000",0,331,0,0,0,0,913,815,0,429,207,0,825,686,1568,653,0,1236,1504,207,331,239,92,280,2421,0,664,1731,391,901,0,212,195,1737,341,677,492,1451,0,0,813,0,0,1117,726,0,0,607,608,0,0,0,117,424,0,0,924,1175,0,0,13,181
"2020-01-18T23:00:00.000+0000",0,300,0,0,0,0,824,796,0,343,389,0,832,528,1373,691,0,1175,1406,145,329,256,78,214,1996,0,818,1804,348,664,0,120,189,1405,414,758,449,1345,0,0,864,0,0,1220,630,0,0,639,545,0,0,0,157,457,0,0,1157,1326,0,0,9,274
"2020-01-19T00:00:00.000+0000",0,260,0,0,0,0,531,561,0,224,248,0,867,309,1063,450,0,657,1338,108,294,193,56,191,1218,0,799,1514,425,489,0,106,138,864,337,628,429,760,0,0,837,0,0,959,586,0,0,539,429,0,0,0,96,219,0,0,700,1622,0,0,14,208
"2020-01-19T01:00:00.000+0000",0,308,0,0,0,0,705,632,0,214,248,0,949,231,1215,407,0,949,1166,98,317,161,59,189,1199,0,859,2110,376,486,0,117,284,928,304,793,367,671,0,0,837,0,0,1299,573,0,0,539,396,0,0,0,102,232,0,0,969,1642,0,0,12,110
"2020-01-19T02:00:00.000+0000",0,280,0,0,0,0,613,528,0,176,153,0,765,175,980,354,0,845,952,101,322,182,55,195,989,0,876,1623,473,466,0,35,226,812,354,710,356,586,0,0,582,0,0,1213,631,0,0,468,316,0,0,0,122,178,0,0,751,1646,0,0,16,152
"2020-01-19T03:00:00.000+0000",0,370,0,0,0,0,612,537,0,158,189,0,722,123,1075,341,0,803,978,89,203,184,75,185,1094,0,736,1722,571,503,0,44,189,873,398,597,420,496,0,0,410,0,0,1137,561,0,0,521,227,0,0,0,100,222,0,0,628,1257,0,0,18,142
