CQC,Primary Care Networks
1-119938154,M86004
1-117977045,M86004
1-2750328632,M86039
1-320755929,M86029
1-164264912,M86041
1-121437762,M86046
1-132731028,M86009
1-209167585,M86009
1-146049934,M86010
1-1495832201,M86010
1-124683832,M86010
1-1705552756,M86014
1-130553748,M86014
1-123814898,M86014
1-5206537018,M86014
1-131719832,M86622
1-429335849,M86622
1-466729108,M86622
1-319278778,M86622
1-329269874,M86622
1-116743489,M86622
1-4495694648,M86622
1-119660838,M86006
1-139057312,M86006
1-4603446445,M86006
1-121416419,M86030
1-116439285,M86030
1-137749953,M86015
1-126242334,M86015
1-320756045,M86015
1-320756118,M86015
1-126102883,M86015
1-117977000,M86015
1-137455951,M86017
1-135259818,M86017
1-151242134,M86017
1-320756241,M86017
1-127496230,M86017
1-1686797586,M86017
1-126240530,M86017
1-6146183063,M86018
1-1455494499,M84012
1-117965429,M84012
1-136456364,M84012
1-120030985,M84012
1-318082302,M84012
1-3069334969,M86034
1-2743022155,M86034
1-117342700,M86034
1-3798575125,M86034
1-121176215,M86638
